keyword;type
taubenabwehr;alphabet
"taubenabwehr balkon";alphabet
"taubenabwehr spikes";alphabet
"taubenabwehr ultraschall";alphabet
"taubenabwehr lavendel";alphabet
"taubenabwehr für dachrinne";alphabet
"taubenabwehr testsieger";alphabet
"taubenabwehr ohne andere vögel zu vertreiben";alphabet
"taubenabwehr balkon obi";alphabet
"taubenabwehr spikes verboten";alphabet
"taubenabwehr hornbach";alphabet
"taubenabwehr raubvogel";alphabet
"taubenabwehr dach";alphabet
"taubenabwehr photovoltaik";alphabet
"taubenabwehr dachfirst";alphabet
"taubenabwehr dachrinne";alphabet
"taubenabwehr paste";alphabet
"taubenabwehr obi";alphabet
"taubenabwehr attrappe";alphabet
"taubenabwehr spikes hornbach";alphabet
"taubenabwehr ultraschall test";alphabet
"taubenabwehr bauhaus";alphabet
"taubenabwehr eule";alphabet
"taubenabwehr ultraschall testsieger";alphabet
"taubenabwehr wasserstrahl";alphabet
"taubenabwehr flachdach";alphabet
"taubenabwehr hagebaumarkt";alphabet
"taubenabwehr nägel";alphabet
"taubenabwehr für balkon";alphabet
"taubenabwehr photovoltaik kosten";alphabet
"taubenabwehr vogelattrappen";alphabet
"taubenabwehr spirale";alphabet
"taubenabwehr rabe";alphabet
"taubenabwehr nürnberg";alphabet
"taubenabwehr stuttgart";alphabet
"taubenabwehr hausmittel";alphabet
"taubenabwehr verboten";alphabet
"taubenabwehr edelstahl";alphabet
"taubenabwehr kamin";alphabet
"taubenabwehr fensterbank";alphabet
"taubenabwehr münchen";alphabet
"taubenabwehr erlaubt";alphabet
"taubenabwehr installieren";alphabet
"taubenabwehr garten";alphabet
"taubenabwehr spikes selbstklebend";alphabet
"taubenabwehr gerät";alphabet
"taubenabwehr elektrisch";alphabet
"taubenabwehr hagebau";alphabet
"taubenabwehr windspiel";alphabet
"taubenabwehr globus baumarkt";alphabet
"taubenabwehr solaranlage";alphabet
"taubenabwehr elektronisch";alphabet
"taubenabwehr kaufen";alphabet
"taubenabwehr cds";alphabet
"taubenabwehr baumarkt";alphabet
"taubenabwehr vermieter";alphabet
taubenabwehrnetz;alphabet
"taubenabwehr dach kosten";alphabet
"taubenabwehr mit ultraschall";alphabet
"taubenabwehr spray";alphabet
"taubenabwehr ingolstadt";alphabet
"taubenabwehr balkon ultraschall";alphabet
"taubenabwehr akustisch";alphabet
"taubenabwehr baum";alphabet
"taubenabwehr trampolin";alphabet
"taubenabwehr im baum";alphabet
"taubenabwehr krähe";alphabet
"taubenabwehr auf dem balkon";alphabet
"taubenabwehr pflanzen";alphabet
"taubenabwehr draht";alphabet
"taubenabwehr gitter";alphabet
"taubenabwehr kunststoff";alphabet
"taubenabwehr vogelhaus";alphabet
"taubenabwehr geländer";alphabet
"taubenabwehr chemisch";alphabet
"taubenabwehr linz";alphabet
"taubenabwehr vogel";alphabet
"taubenabwehr netz";alphabet
"taubenabwehr fensterbrett";alphabet
"taubenabwehr berlin";alphabet
"taubenabwehr erfahrungen";alphabet
"taubenabwehr dachbalken";alphabet
"obi taubenabwehr spikes";alphabet
"taubenabwehr dachgiebel";alphabet
"taubenabwehr kosten";alphabet
"taubenabwehr ultraschall erfahrung";alphabet
"taubenabwehr terrasse";alphabet
"taubenabwehr hamburg";alphabet
"taubenabwehr band";alphabet
"taubenabwehr giebel";alphabet
"taubenabwehr geruch";alphabet
"taubenabwehr windrad";alphabet
"taubenabwehr mannheim";alphabet
"taubenabwehr wuppertal";alphabet
"taubenabwehr auf dem dach";alphabet
"taubenabwehr montage";alphabet
"taubenabwehr amazon";alphabet
"taubenabwehr jumbo";alphabet
"taubenabwehr stacheln";alphabet
"taubenabwehr gel";alphabet
"wie tauben fernhalten";"question - wie"
"wie tauben vertreiben";"question - wie"
"welche tauben sind geschützt";"question - welche"
"taubenabwehr welche methode wirkt";"question - welche"
"was kostet taubenabwehr";"question - was"
"taubenabwehr was hilft wirklich";"question - was"
"wo tauben sind fliegen tauben hin";"question - wo"
"was tauben nicht mögen";"question - was"
"sind tauben geschützt";"question - sind"
"wohin taubenabwehren";"question - wohin"
"wohin taubenabwehr entfernen";"question - wohin"
"wohin taubenabwehr ist verboten";"question - wohin"
"wohin taubenabwehr ist erlaubt";"question - wohin"
"wohin taubenabwehr ist gut";"question - wohin"
"wohin taubenabwehr tipps";"question - wohin"
"wohin taubenabwehr was hilft wirklich";"question - wohin"
"wohin taubenabwehr innenhof";"question - wohin"
"wohin taubenabwehr was hilft";"question - wohin"
"wohin taubenabwehr möglichkeiten";"question - wohin"
"welcher taubenabwehr ist der beste";"question - welcher"
"welcher taubenabwehr ist gut";"question - welcher"
"welcher taubenabwehr ist verboten";"question - welcher"
"welcher taubenabwehr ist erlaubt";"question - welcher"
"welcher taubenabwehr welche methode wirkt";"question - welcher"
"welcher taubenabwehr wirksam";"question - welcher"
"welcher taubenabwehr test";"question - welcher"
"welcher taubenabwehr vergleich";"question - welcher"
"welcher taubenabwehr testsieger";"question - welcher"
"welcher taubenabwehr erfahrungen";"question - welcher"
"taubenabwehr wo kaufen";"question - wo"
"welche taubenabwehr ist erlaubt";"question - wo"
"welche taubenabwehr ist verboten";"question - wo"
"welche taubenabwehr ist gut";"question - wo"
"wo tauben sind sind auch ratten";"question - wo"
"wann taubenabwehren";"question - wann"
"wann taubenabwehr balkon";"question - wann"
"wann taubenabwehr ist verboten";"question - wann"
"wann taubenabwehr ist erlaubt";"question - wann"
"wann taubenabwehr ist gut";"question - wann"
"wann taubenabwehr was hilft";"question - wann"
"wann taubenabwehr garten";"question - wann"
"wann taubenabwehr gesetz";"question - wann"
"wann taubenabwehr wirksam";"question - wann"
"wann taubenabwehr was hilft wirklich";"question - wann"
"welches taubenabwehrsystem";"question - welches"
"welches taubenabwehr ist gut";"question - welches"
"welches taubenabwehr ist verboten";"question - welches"
"welches taubenabwehr ist erlaubt";"question - welches"
"welches taubenabwehr welche methode wirkt";"question - welches"
"welches taubenabwehr";"question - welches"
"welches taubenabwehr test";"question - welches"
"welches taubenabwehr testsieger";"question - welches"
"welches taubenabwehr tipps";"question - welches"
"welches taubenabwehr möglichkeiten";"question - welches"
"warum taubenabwehr balkon";"question - warum"
"warum taubenabwehr ist verboten";"question - warum"
"warum taubenabwehr ist erlaubt";"question - warum"
"warum taubenabwehr ist gut";"question - warum"
"warum taubenabwehr was hilft wirklich";"question - warum"
"warum taubenabwehr was hilft";"question - warum"
"warum taubenabwehr tipps";"question - warum"
"warum taubenabwehr zulässig";"question - warum"
"warum taubenabwehr natürlich";"question - warum"
"taubenabwehr wie befestigen";"question - wie"
"taubenabwehr wie";"question - wie"
"wie tauben abschrecken";"question - wie"
"welche taubenabwehr funktioniert";"question - welche"
"taubenabwehr was ist erlaubt";"question - was"
"was ist taubenabwehr";"question - was"
"was hilft gegen taubenabwehr";"question - was"
"was tun zur taubenabwehr";"question - was"
"was tauben hassen";"question - was"
"ist taubenabwehr vermietersache";"question - ist"
"ist taubenabwehr erlaubt";"question - ist"
"ist taubenabwehr verboten";"question - ist"
"ist vogelabwehr erlaubt";"question - ist"
"sind taubenabwehr spikes erlaubt";"question - sind"
"sind taubenspikes verboten";"question - sind"
"sind tauben friedlich";"question - sind"
"sind tauben sinnvoll";"question - sind"
"sind tauben vom aussterben bedroht";"question - sind"
"wieso taubenabwehr balkon";"question - wieso"
"wieso taubenabwehr im garten";"question - wieso"
"wieso taubenabwehr erlaubt";"question - wieso"
"wieso taubenabwehr ist verboten";"question - wieso"
"wieso taubenabwehr was hilft wirklich";"question - wieso"
"wieso taubenabwehr ist gut";"question - wieso"
"wieso taubenabwehr was hilft";"question - wieso"
"wieso taubenabwehr wirksam";"question - wieso"
"wieso taubenabwehr";"question - wieso"
"wieso taubenabwehr tipps";"question - wieso"
taubenabwehr;related
"taubenabwehr balkon";related
"taubenabwehr lavendel";related
"taubenabwehr spikes";related
"taubenabwehr balkon obi";related
"taubenabwehr spikes verboten";related
"taubenabwehr hornbach";related
"taubenabwehr ultraschall";related
"taubenabwehr ultraschall test";related
"taubenabwehr obi";related
"taubenabwehr bauhaus";related
"taubenabwehr dachfirst";related
"taubenabwehr testsieger";related
"taubenabwehr elektronisch";related
"taubenabwehr dachrinne";related
"taubenabwehr edelstahl";related
"taubenabwehr hagebau";related
"taubenabwehr photovoltaik";related
"taubenabwehr baumarkt";related
"taubenabwehr draht";related
"taubenabwehr elektrisch";related
"taubenabwehr dach kosten";related
"taubenabwehr amazon";related
"taubenabwehr dach";related
"taubenabwehr ultraschall testsieger";related
"taubenabwehr spikes edelstahl";related
"taubenabwehr fensterbank";related
"taubenabwehr kaufen";related
"taubenabwehr giebel";related
"taubenabwehr globus baumarkt";related
"taubenabwehr dachbalken";related
"taubenabwehr welche methode wirkt";related
"taubenabwehr first";related
"taubenabwehr photovoltaik kosten";related
"taubenabwehr gel";related
"taubenabwehr spirale";related
"taubenabwehr hausmittel";related
"taubenabwehr stuttgart";related
"taubenabwehr münchen";related
"taubenabwehr nürnberg";related
"taubenabwehr spray";related
"taubenabwehr firstziegel";related
"taubenabwehr montage";related
"taubenabwehr test";related
"taubenabwehr akustisch";related
"taubenabwehr spikes hornbach";related
"taubenabwehr rabe";related
"taubenabwehr jumbo";related
"taubenabwehr balken";related
"taubenabwehr ton";related
"taubenabwehr edelstahl 6 reihig";related
"taubenabwehr ultraschall erfahrung";related
"taubenabwehr vogelabwehr";related
"taubenabwehr fensterbrett";related
"taubenabwehr kosten";related
"taubenabwehr dachziegel";related
"taubenabwehr wasserstrahl";related
"taubenabwehr garten";related
"taubenabwehr solaranlage";related
"taubenabwehr drachen";related
"taubenabwehr baum";related
"taubenabwehr balkon amazon";related
"taubenabwehr dachrinne obi";related
"taubenabwehr offenbach";related
"taubenabwehr laser";related
"taubenabwehr augsburg";related
"taubenabwehr pfette";related
taubenabwehrnetz;related
"taubenabwehr erfahrungen";related
"taubenabwehr karlsruhe";related
"taubenabwehr metall";related
"taubenabwehr erlangen";related
"taubenabwehr zum kleben";related
"taubenabwehr auf dachziegel";related
"taubenabwehr ultraschall frequenz";related
"taubenabwehr hagebaumarkt";related
"taubenabwehr vogelattrappen";related
"taubenabwehr ebay";related
"taubenabwehr illegal";related
"taubenabwehr chemisch";related
"taubenabwehr berlin";related
"taubenabwehr netz edelstahl";related
"taubenabwehr ziegel";related
"taubenabwehr kunststoff";related
"obi taubenabwehr spikes";related
"taubenabwehr regensburg";related
"taubenabwehr geräusche";related
"taubenabwehr pforzheim";related
"taubenabwehr von der steuer absetzen";related
"taubenabwehr waiblingen";related
"taubenabwehr flachdach";related
"taubenabwehr verboten";related
"taubenabwehr erlaubt";related
"taubenabwehr installieren";related
"taubenabwehr spikes selbstklebend";related
"taubenabwehr ingolstadt";related
"taubenabwehr trampolin";related
"taubenabwehr linz";related
"taubenabwehr netz";related
"taubenabwehr band";related
